Iran president latest: Ebrahim Raisi’s life ‘at risk’ after helicopter crash amid heavy fog,Alexander Butler,Notifications can be managed in browser preferences.,https://www.independent.co.uk/news/world/middle-east/iran-helicopter-crash-president-raisi-news-b2547565.html
‘Too slow’: minister admits infected blood scandal victims have waited too long for compensation,Kate Devlin,Grant Shapps said it was ‘heartbreaking’ and that families had been let down for decades ,https://www.independent.co.uk/news/uk/politics/jeremy-hunt-infected-blood-compensation-billion-b2547482.html
Bridgerton has totally obliterated the traditional costume drama,Katie Rosseinsky,Netflix’s Regency romance has changed the rules of the fusty period genre entirely. ,https://www.independent.co.uk/arts-entertainment/tv/features/bridgerton-costume-drama-impact-bbc-masterpiece-b2546832.html
Former owner of the Independent Tony O’Reilly dies aged 88,Jonathan McCambridge,Find your bookmarks in your,https://www.independent.co.uk/business/tony-o-reilly-death-owner-independent-b2547400.html
Oleksandr Usyk and the crucial moment that sparked comeback to beat Tyson Fury and seal destiny,Alex Pattle,"Fury was forced to take a count in the ninth round of a classic, as Usyk became the first undisputed heavyweight champion in 24 years ",https://www.independent.co.uk/sport/boxing/fury-usyk-result-scorecards-highlights-b2542454.html
‘Kink tourism’ is on the rise – but does it live up to the hype?,Jordan Gray,"Curious to see how the hospitality industry is embracing eroticism, ",https://www.independent.co.uk/travel/uk/england/london/kink-tourism-mandrake-fitzrovia-b2543007.html
"AI isn’t coming for your job, it’s coming for your relationship",Anthony Cuthbertson,"Google and OpenAI just unveiled AI chatbots that can see, hear, speak – and even flirt – like humans. With interest in virtual companions surging, ",https://www.independent.co.uk/tech/ai-girlfriend-chatgpt-dating-app-b2546273.html
Migrant chaos as hundreds of asylum seekers leave Bibby Stockholm and RAF base,Holly Bancroft, Hundreds of asylum seekers have left or been moved out of RAF Wethersfield and the ‘Bibby Stockholm’ already this year as costs spiral,https://www.independent.co.uk/news/uk/home-news/bibby-stockholm-migrants-wethersfield-raf-base-hotels-b2541589.html
The country is paying too high a price for fantasy policies on asylum,Editorial,: The costs of using barges and old RAF bases to house asylum seekers have turned out to be greater than hotels,https://www.independent.co.uk/voices/editorials/rwanda-policy-asylum-bibby-stockholm-migrants-b2547311.html
"Sun, sea and secluded escapes: Why Crete should be your top holiday pick",,From centuries-old harbours and secluded beaches to luxury hotels and private pools – here’s why Greece’s largest island is the perfect setting for a dream getaway…,https://www.independent.co.uk/travel/crete-sun-sea-serenity-holiday-b2405337.html
‘It was a very strong signal from my body’: How celibacy is revolutionising people’s sex lives,Olivia Petter,"As Bumble apologises for its anti-celibacy advertising campaign and Julia Fox touts the benefits of abstinence, ",https://www.independent.co.uk/life-style/love-sex/celibacy-bumble-julia-fox-sofie-hagen-b2545661.html
Patience with Netanyahu is running out. Can his government survive?,Kim Sengupta,"The Israeli prime minister is facing resignations from his war cabinet over his strategy in Gaza, writes ",https://www.independent.co.uk/voices/israel-gaza-netanyahu-military-far-right-b2547536.html
Stop drinking Whispering Angel rosé – it’s really not worth the hype,Rosamund Hall,The rosé has found a market among everybody from influencers to royals. But wine expert ,https://www.independent.co.uk/voices/wine-rose-whispering-angel-marketing-bargain-b2547288.html
"Like James Martin, my ex committed the ultimate sin (of earning more than me)",Ryan Coogan,"The Independent's journalism is supported by our readers. When you purchase through links on our site, we may earn commission. ",https://www.independent.co.uk/voices/james-martin-barbara-broccoli-relationships-gifts-b2538439.html
The local elections are a triumph for Keir Starmer’s embrace of Blairism,John Rentoul,"In just three years, the Labour leader has driven his party from the trough of failure to the sunlit uplands of the centre ground, writes ",https://www.independent.co.uk/voices/local-elections-keir-starmer-labour-blairism-b2539171.html
Artist reveals why his portrait of the King is so red,Athena Stavrou,Jonathan Yeo says he enjoyed the internet memes his painting of monarch generated ,https://www.independent.co.uk/life-style/royal-family/king-charles-royal-painting-portrait-b2547484.html
"Boy, 14, dies after going into River Tyne in Ovingham",Tara Cobham,"Another boy, 13, in critical condition after huge search for teenagers who went missing on Saturday",https://www.independent.co.uk/news/uk/home-news/boys-missing-ovingham-bridge-river-tyne-search-b2547493.html
Devon water crisis – live: MP brands South West Water ‘contemptible and incompetent’ as parasite infections rise,Shahana Yasmin,Notifications can be managed in browser preferences.,https://www.independent.co.uk/news/uk/home-news/devon-water-parasite-outbreak-uk-b2547475.html
"Actually, the French don’t know anything about wine...",Rosamund Hall,"Despite being one of the top producers in the world, France pales in comparison to the UK when it comes to knowledge of their tipple, writes wine expert ",https://www.independent.co.uk/voices/france-french-wine-alcohol-pinot-grigio-merlot-malbec-white-red-b2539270.html
Please spare me your smug polling station selfies – the ballot box isn’t the place for virtue signalling,Will Gore,"Enough puppy and baby snaps, writes ",https://www.independent.co.uk/voices/local-elections-polling-station-photos-instagram-b2539905.html
Why two autistic women decided to laugh at autism – on our own terms,Elsa Williams,"Contrary to popular consensus, for ",https://www.independent.co.uk/voices/autism-women-comedy-funny-neurodivergent-b2539921.html
"Where to visit in Sicily: 9 best places for beaches, architecture and Italian charm",Helen Wilson-Beevers,Notifications can be managed in browser preferences.,https://www.independent.co.uk/travel/europe/italy/where-to-visit-sicily-b2535237.html
Will Queen Anne usher in a new golden age of cruising? A first look as Cunard crowns its new £500m monarch,Benjamin Parker,"The Independent's journalism is supported by our readers. When you purchase through links on our site, we may earn commission. ",https://www.independent.co.uk/travel/cruise/cunard-queen-anne-cruise-ship-liner-voyage-b2539206.html
How a real-life journey through the mythical lands of the ‘Odyssey’ helped heal my heartbreak,Laura Coffey,"The Independent's journalism is supported by our readers. When you purchase through links on our site, we may earn commission. ",https://www.independent.co.uk/travel/europe/the-odyssey-sicily-solo-travel-b2537685.html
"Isle of Wight travel guide: Where to eat, drink, walk and stay on England’s biggest island",Natalie Wilson,"The Independent's journalism is supported by our readers. When you purchase through links on our site, we may earn commission. ",https://www.independent.co.uk/travel/uk/isle-of-wight/isle-of-wight-travel-guide-b2431041.html
6 lesser-known Croatia destinations you may not have considered,Natalie Wilson,"The historic island, sleepy archipelago and river retreats to have on your holiday radar ",https://www.independent.co.uk/travel/europe/croatia/lesser-known-croatia-destinations-to-consider-b2537966.html
"The best spas in Eastern Europe for an affordable, yet luxurious, break",Joanna Whitehead,"The Independent's journalism is supported by our readers. When you purchase through links on our site, we may earn commission. ",https://www.independent.co.uk/travel/europe/best-spas-eastern-europe-b2540810.html
"Vivianne Miedema was the personification of Arsenal’s greatest qualities, now they’re ready to move on without her",Adam Millington,The 27-year-old will be moving to pastures new when her contract runs out at the end of the season ,https://www.independent.co.uk/sport/football/vivianne-miedema-arsenal-striker-wsl-b2544238.html
Scottie Scheffler explains ‘chaotic situation’ after arrest at PGA Championship,Lawrence Ostlere,The world No 1 described his arrest at Valhalla Golf Club as a ‘big misunderstanding’ ,https://www.independent.co.uk/sport/golf/scottie-scheffler-arrest-pga-championship-b2546888.html
The Leela Palace Jaipur hotel review: Colourful opulence that’s a true escape from the city,Tamara Davison,"The Independent's journalism is supported by our readers. When you purchase through links on our site, we may earn commission. ",https://www.independent.co.uk/travel/asia/india/the-leela-palace-jaipur-hotel-review-india-b2545481.html
The key steps for Lando Norris to become a genuine F1 title contender,Kieran Jackson,"McLaren driver Norris is finally a race winner – but should be immediately striving for more as F1 heads to Europe for the first time this season and to Imola, 30 years on from Ayrton Senna’s tragic death",https://www.independent.co.uk/f1/lando-norris-f1-mclaren-imola-miami-b2546346.html
Drake and Kendrick Lamar have the right idea – more people should settle their differences with poetry,Ryan Coogan,"The two men aren’t just insulting one another, claims literature expert ",https://www.independent.co.uk/voices/kendrick-lamar-diss-drake-beef-not-like-us-b2540133.html
Browse a gallery of The Independent’s daily cartoon,,Enjoy this month’s selection from our brilliant cartoonist Dave Brown ,https://www.independent.co.uk/news/the-independent-daily-cartoon-b2481312.html
Xander Schauffele and Collin Morikawa share PGA Championship lead after Shane Lowry fireworks,Frank Pingue,Shane Lowry tied the lowest score in major history with 62 and six players are within two strokes of Xander Schauffele and Collin Morikawa,https://www.independent.co.uk/sport/golf/pga-championship-schauffele-morikawa-lowry-b2547439.html
"Which Premier League sides qualify for Europe? What Man Utd, Chelsea, Tottenham and Newcastle need",Jamie Braidwood,There are places in the Europa League and Europa Conference League still up for grabs,https://www.independent.co.uk/sport/football/premier-league-qualify-europe-fifth-sixth-b2546077.html
"Premier League 2023/24 awards: Best player, signing and moments of season",Sports Staff,"Man City and Arsenal go to the wire in the Premier League title race, while Tottenham, Chelsea, Newcastle and Manchester United are still competing for European places next season",https://www.independent.co.uk/sport/football/premier-league-man-city-arsenal-foden-b2546704.html
Oleksandr Usyk cements status as true legend – does he need to take the Tyson Fury rematch?,Steve Bunce,"The unbeaten Ukrainian is an Olympic champion and one of just three men to be undisputed at two weights. His legacy is beyond secure... so should he face Fury again, or just walk away? ",https://www.independent.co.uk/sport/boxing/usyk-record-titles-tyson-fury-rematch-b2547507.html
"The best collagen supplements to take, as recommended by experts",Helen Wilson-Beevers,"The Independent's journalism is supported by our readers. When you purchase through links on our site, we may earn commission. ",https://www.independent.co.uk/extras/indybest/food-drink/best-collagen-supplement-b2348110.html
The Body in the Woods | An Independent TV Original Documentary,,40:32,https://www.independent.co.uk/tv/news/ukraine-war-russia-documentary-crimes-b2291759.html
"10 best electric toothbrushes tried and tested for brighter, healthier teeth",Steve Hogarty,"The Independent's journalism is supported by our readers. When you purchase through links on our site, we may earn commission. ",https://www.independent.co.uk/extras/indybest/gadgets-tech/best-electric-toothbrushes-b2353085.html
"16 best sunscreens for your face 2024: Daily SPF protection, from sensitive to non-greasy formulas",Lauren Cunningham,"The Independent's journalism is supported by our readers. When you purchase through links on our site, we may earn commission. ",https://www.independent.co.uk/extras/indybest/fashion-beauty/skincare/best-sunscreen-face-mineral-facial-spf-tint-non-greasy-sensitive-skin-a9569096.html
"Best pillows 2024 tried and tested for a great night’s sleep, from memory foam to feather-filled",Zoe Phillimore,"The Independent's journalism is supported by our readers. When you purchase through links on our site, we may earn commission. ",https://www.independent.co.uk/extras/indybest/house-garden/bedroom/best-pillows-firm-memory-foam-cooling-a9678086.html
12 best foundations for mature skin that deliver on radiance and hydration,Jan Masters,"The Independent's journalism is supported by our readers. When you purchase through links on our site, we may earn commission. ",https://www.independent.co.uk/extras/indybest/fashion-beauty/make-up/best-foundations-older-skin-b2306059.html
15 best cordless vacuum cleaners for hassle-free hoovering,Zoe Griffin,"The Independent's journalism is supported by our readers. When you purchase through links on our site, we may earn commission. ",https://www.independent.co.uk/extras/indybest/house-garden/vacuum-cleaners/best-cordless-vacuum-cleaner-uk-b2101754.html
13 best dehumidifiers to help tackle damp and mould at home,Rachael Penn,Notifications can be managed in browser preferences.,https://www.independent.co.uk/extras/indybest/house-garden/household-appliances/best-dehumidifier-uk-b1987947.html
"Best mattress 2024: Memory foam, pocket sprung and hybrid models tested by experts",Sarah Jones,"The Independent's journalism is supported by our readers. When you purchase through links on our site, we may earn commission. ",https://www.independent.co.uk/extras/indybest/house-garden/mattresses/best-mattress-review-b2257466.html
11 best exercise bikes that are worth adding to your home gym,Jon Axworthy,"The Independent's journalism is supported by our readers. When you purchase through links on our site, we may earn commission. ",https://www.independent.co.uk/extras/indybest/outdoor-activity/sports-equipment-accessories/best-exercise-bike-uk-home-b1903417.html
The best home gym equipment that will get you pumped for your next workout,Lauren Cunningham,"The Independent's journalism is supported by our readers. When you purchase through links on our site, we may earn commission. ",https://www.independent.co.uk/extras/indybest/outdoor-activity/best-home-gym-equipment-b2259575.html
"14 best mattress toppers 2024: Tested for more than 1,000 hours’ of sleep",Zoe Phillimore,"The Independent's journalism is supported by our readers. When you purchase through links on our site, we may earn commission. ",https://www.independent.co.uk/extras/indybest/house-garden/bedroom/best-mattress-toppers-a6999421.html
"17 best air fryers for cooking low-fat, fast and delicious dinners",Lauren Cunningham,Notifications can be managed in browser preferences.,https://www.independent.co.uk/extras/indybest/house-garden/kitchen-appliances/best-air-fryer-uk-reviews-b1979237.html
"Join IndyBest’s free WhatsApp channel for product news, reviews, discounts and more",Daisy Lester,"Never miss a product launch or mega deal again, with the IndyBest team’s updates and expert-led reviews ",https://www.independent.co.uk/extras/indybest/indybest-whatsapp-channel-product-reviews-discounts-b2518685.html
15 best probiotics to help improve gut health,Emily Goddard,"The Independent's journalism is supported by our readers. When you purchase through links on our site, we may earn commission. ",https://www.independent.co.uk/extras/indybest/food-drink/best-probiotics-prebiotics-supplements-ibs-bloating-gut-health-tablets-a9544641.html
About IndyBest: Meet our team of shopping experts,,Notifications can be managed in browser preferences.,https://www.independent.co.uk/extras/indybest/indybest-about-us-who-team-experts-b2229694.html
Why Lookfantastic’s beauty box is one of my favourites,Lauren Cunningham,"Each box holds more than £50 worth of products, and they’re all standout beauty buys ",https://www.independent.co.uk/extras/indybest/fashion-beauty/beauty/lookfantastic-beauty-box-subscription-review-b2530295.html
"This Nars tinted moisturiser is a must for dewy, no-make-up looks",Lois Borny,The radiance-boosting formula is one of our favourites ,https://www.independent.co.uk/extras/indybest/fashion-beauty/make-up/nars-tinted-moisturiser-b2537068.html
"Everything you need to know about hyaluronic acid, according to an expert",Lauren Cunningham,"The Independent's journalism is supported by our readers. When you purchase through links on our site, we may earn commission. ",https://www.independent.co.uk/extras/indybest/fashion-beauty/skincare/hyaluronic-acid-explained-b2518827.html
What is retinol? Benefits and how to use it in your skincare routine,Lauren Cunningham,Notifications can be managed in browser preferences.,https://www.independent.co.uk/extras/indybest/fashion-beauty/skincare/retinol-skincare-guide-b2516598.html
"The cheap mattress deals to pick up in the May sales, from double to king size",Sarah Jones,"The Independent's journalism is supported by our readers. When you purchase through links on our site, we may earn commission. ",https://www.independent.co.uk/extras/indybest/deals/mattress-deals-cheap-uk-small-double-b2519932.html
"The benefits of yoga for the body and mind, according to experts",Daisy Lester,"The Independent's journalism is supported by our readers. When you purchase through links on our site, we may earn commission. ",https://www.independent.co.uk/extras/indybest/outdoor-activity/yoga-benefits-kit-equipment-outfits-b2536448.html
Hyrox vs CrossFit: Which is the best workout?,Zoe Griffin,Notifications can be managed in browser preferences.,https://www.independent.co.uk/extras/indybest/outdoor-activity/hyrox-vs-workout-b2504749.html
EastEnders star Cheryl Fergison on why she waited years to reveal cancer diagnosis,Nicole Vassell,Soap favourite recently shared her cancer diagnosis with the public ,https://www.independent.co.uk/life-style/health-and-families/cheryl-fergison-cancer-barbara-windsor-eastenders-b2541661.html
"What to wear during Hyrox training and competitions, according to the pros",Zoe Griffin,We asked experienced HYROX athletes to tell us what clothing helps them get into the zone ,https://www.independent.co.uk/extras/indybest/outdoor-activity/hyrox-clothing-what-to-wear-training-b2511299.html
This Myprotein energy gel will help fuel your next long distance run,Clare O'Reilly,"Why this performance boosting gel is ahead of the pack, according to a Myprotein nutritionist ",https://www.independent.co.uk/extras/indybest/outdoor-activity/my-protein-energy-gel-b2523825.html
Sadiq Khan’s green linen suit splits opinion – but are they as controversial as the Sunak Sambas?,Ellie Muir,The Prime Minister was forced to apologise for wearing trendy adidas shoes – now its the London mayor’s turn ,https://www.independent.co.uk/life-style/fashion/sadiq-khan-percival-suit-green-mayor-sambas-b2541619.html
Alastair Stewart shares first warning symptoms that led to dementia diagnosis,Jacob Stolworthy,Former newsreader opened up about initial concerns that prompted doctor visit ,https://www.independent.co.uk/life-style/alastair-stewart-dementia-symptoms-signs-b2543342.html
Gemma Collins says doctors encouraged her to terminate intersex unborn child,Nicole Vassell,TV personality has opened up about ending a pregnancy in her early twenties ,https://www.independent.co.uk/life-style/health-and-families/gemma-collins-intersex-abortion-towie-b2542169.html
Anne Robinson confirms relationship with Queen Camilla’s ex-husband Andrew Parker Bowles,Ellie Muir,Former ‘Weakest Link’ host gave abrupt confirmation of new romance ,https://www.independent.co.uk/life-style/anne-robinson-dating-andrew-parker-bowles-royal-family-b2547206.html
Why we should be 'calling in unhappy' at work,Katie Rosseinsky,"A supermarket chain in China will allow its staff to take up to 10 ‘unhappy days’. With many employees still uncomfortable telling bosses they need a mental health day, could this new concept save the wellbeing of burnout workers, asks ",https://www.independent.co.uk/life-style/unhappiness-leave-work-mental-health-day-off-office-b2546223.html
"England’s Euro 2024 squad: Who’s on the plane, who’s in contention and who has work to do?",Lawrence Ostlere,A closer look at which England players are heading to Germany for Euro 2024 and who might miss out on the final squad ,https://www.independent.co.uk/sport/football/england-euro-2024-squad-prediction-b2546200.html
Hugh Fearnley-Whittingstall says he’s fitter than ever due to plant diet,Ellie Muir,TV chef says he eats 30 types of plant a week,https://www.independent.co.uk/life-style/hugh-fearnley-whittingstall-diet-30-plants-b2542092.html
Husband of singer Cassie condemns Sean ‘Diddy’ Combs after assault video,Ellie Muir,"Alex Fine, who has been married to Cassie since 2019, wrote in an open letter that ‘men who hit women aren’t men’",https://www.independent.co.uk/arts-entertainment/music/news/diddy-video-cassie-ventura-husband-b2547249.html
Prince Laurent and Prince Harry look saintly next to these other black sheep royals,Helen Coffey,Every royal family is plagued by scandalous skeletons in the closet. ,https://www.independent.co.uk/life-style/prince-harry-laurent-royals-scandal-b2546254.html
50 Cent reacts to shocking Sean ‘Diddy’ Combs video: ‘God help us all’,Ellie Muir,‘21 Questions’ rapper predicted that Combs’s lawyers will continue to deny allegations despite unearthed video footage ,https://www.independent.co.uk/arts-entertainment/music/news/diddy-50-cent-cassie-video-puff-daddy-b2547257.html
Girls Aloud reunite for first time in 11 years on tour dedicated to late bandmate Sarah Harding,Ellie Muir,"Band dedicated reunion tour to Harding, who died in 2021 ",https://www.independent.co.uk/arts-entertainment/music/news/girls-aloud-reunion-tour-sarah-harding-dublin-b2547270.html
"Marvel is tired, Star Wars is self-parody – now Mad Max is the last franchise standing",Geoffrey Macnab,"Ahead of the release of ‘Furiosa: A Mad Max Saga’, ",https://www.independent.co.uk/arts-entertainment/films/features/furiosa-mad-max-george-miller-fury-road-anya-taylor-joy-b2546012.html
BBC viewers blast Motherland spin-off announcement: ‘Bring it back!’,Ellie Muir,"Broadcaster has announced ‘Amandaland’, a new series centred around the middle-class mum Amanda",https://www.independent.co.uk/arts-entertainment/tv/news/motherland-cancelled-cast-diane-morgan-spin-off-bbc-b2547318.html
How Anna Jones became the standard bearer for modern British vegetarian cooking,Hannah Twiggs,"Twenty years ago, Anna Jones was one of Jamie Oliver’s TV apprentices; now she’s made a name for herself as a vegetarian cookbook queen. She tells ",https://www.independent.co.uk/life-style/food-and-drink/features/anna-jones-chef-hay-festival-vegetarian-cooking-b2546946.html
Shameless star Tina Malone says husband Paul Chase died by suicide,Nicole Vassell,"‘Shameless’ star’s husband, Paul Chase, is said to have taken his own life after suffering from PTSD ",https://www.independent.co.uk/arts-entertainment/tv/news/tina-malone-husband-suicide-b2547512.html
"From Rebus to The Responder, it’s time to bury the defective detective",Nick Hilton,"Whether it’s Poirot’s vanity or Nero Wolfe’s agoraphobia, detectives have always had their vices, writes ",https://www.independent.co.uk/arts-entertainment/tv/features/rebus-responder-detective-drama-b2546700.html
Doctor Who: Boom review – A bit of a damp squib only saved by brilliant performances,Ed Power,"This episode wrestles with chunky themes – the dangers of AI, religious extremism, and the parasitic wickedness of the arms industry. But the execution is wishy-washy",https://www.independent.co.uk/arts-entertainment/tv/reviews/doctor-who-boom-recap-review-b2546771.html
An adventurer’s guide to the Tennessee Great Smoky Mountains,,"Stretching along the Tennessee–North Carolina border, the Great Smoky Mountains and their eponymous national park enchant millions of visitors each year with their spectacular natural beauty. Expect dense forests and tumbling waterfalls, mist-shrouded peaks dressed in blue and purple, and careful encounters with black bears and bald eagles. Whether you’re a hiker, a biker or an avid trout fisherman, adventure awaits in the Tennessee Smokies. ",https://www.independent.co.uk/travel/north-america/usa/tennessee-outdoor-adventure-smoky-mountains-b2464910.html
Rafe Spall: ‘Men’s bodies in film give an unrealistic idea of masculinity’,Charlotte O’Sullivan,The actor talks to ,https://www.independent.co.uk/arts-entertainment/tv/features/rafe-spall-trying-timothy-esther-smith-b2544930.html
no title,,Want to bookmark your favourite articles and stories to read or reference later? Start your Independent Premium subscription today.,https://www.independent.co.uk/travel/north-america/usa/usa-complete-guide-baltimore-maryland-b2451613.html
The comedian taking on Narendra Modi for India’s democracy,,04:35,https://www.independent.co.uk/tv/news/narendra-modi-shyam-rangeela-india-elections-b2544626.html
New international airport announced as European country celebrates record tourism,Catarina Demony,The government has also said it would build the long-delayed high-speed train connection between Lisbon and Madrid ,https://www.independent.co.uk/travel/news-and-advice/new-airport-lisbon-portugal-spain-b2545353.html
New Caledonia: How the deadly riots started and why France wants influence in the Pacific,Gabriel Stargardter,New Caledoni is the world’s number three nickel producer and lies at the heart of a geopolitically complex maritime region,https://www.independent.co.uk/news/world/australasia/new-caledonia-map-riots-china-b2545415.html
Tui will put staff in houses instead of hotels amid Spanish tourism protest warning,Ilona Wissenbach,There are protests across Spain against mass tourism ,https://www.independent.co.uk/travel/news-and-advice/spain-tourism-protests-tui-tenerife-b2545455.html
Ships told to change routes as killer whales terrorise European coast,Joseph Wilson,It follows another attack on a boat off the Straight of Gibraltar ,https://www.independent.co.uk/news/world/europe/killer-whales-orcas-gibraltar-attack-boat-b2544958.html
Art Me Up: A Gallery Guide to Miami’s Thriving Arts Scene,,"Every December, Art Basel descends on Miami, drawing artists and collectors from across the world to experience the largest global contemporary art fair in North America. But it’s not just in December the city’s creative scene shines, with cutting-edge galleries, colourful murals and public art installations scattered across its vibrant streets year-round – we’ve put together our guide to some of the standout spots.",https://www.independent.co.uk/travel/north-america/usa/miami-gallery-guide-arts-scene-b2436494.html
Jordan Rakei performs song ‘Hope And Dreams’ from new album in Music Box,,05:24,https://www.independent.co.uk/tv/culture/jordan-rakei-the-loop-music-box-session-b2544009.html
Might Harry and Meghan’s original Megxit plan actually have worked?,,"The ‘Megmania’ witnessed during the Sussexes’ tour of Nigeria suggests that their blueprint – to be ‘half-in, half-out’ royals – had merit, says ",https://www.independent.co.uk/voices/harry-meghan-duchess-sussex-nigeria-invictus-b2544843.html
What happens to your brain during sex? - The science of love,,38:02,https://www.independent.co.uk/tv/lifestyle/science-love-neuroscience-nicole-vignola-b2546782.html
Teachers could get protection against blasphemy claims under new laws,Athena Stavrou,"The report has been influenced by recent blasphemy cases, which has seen some teachers forced into hiding",https://www.independent.co.uk/news/uk/home-news/teacher-education-blasphemy-report-b2547246.html
Six months on: How Argentinian women really feel with ‘anarcho-strongman’ Javier Milei in charge,Anna Hart,"Since Chainsaw-wielding ‘traditionalist’ Javier Milei became president of Argentina, violent attacks have increased and many women feel afraid like never before. Following last week’s firebombing of two lesbian couples, ",https://www.independent.co.uk/world/argentina-javier-milei-women-homophobia-attack-b2545466.html
‘I hid my imposter syndrome by drinking every day – here’s how I stopped and what you should know’,Zoë Beaty,"Dominic McGregor co-founded the start-up that went on to earn Dragons’ Den star Steven Bartlett millions. But, while he watched his business partner soar, booze became a crutch and his life spiralled. Here, he tells ",https://www.independent.co.uk/health-and-wellbeing/alcohol-drinking-dominic-mccregor-dragons-den-sober-b2544274.html
Jordan Rakei performs ‘Flowers’ in live Music Box session,,03:29,https://www.independent.co.uk/tv/culture/jordan-rakei-flowers-live-music-session-b2545157.html
London’s ‘existential’ crisis is of its own making – boosterism won’t save it,Chris Blackhurst,"As more investors desert the capital for New York, the stock exchange is floundering and crisis talks are being held. And a government talking up a trillion-dollar fantasy business isn’t helping, says ",https://www.independent.co.uk/news/business/london-s-existential-crisis-is-of-its-own-making-boosterism-won-t-save-it-b2546931.html
Why are we banned from reading the New Yorker article on Lucy Letby?,Alan Rusbridger,"The Independent's journalism is supported by our readers. When you purchase through links on our site, we may earn commission. ",https://www.independent.co.uk/voices/lucy-letby-new-yorker-article-murder-b2546834.html
How to have an epic adventure in Queensland,,Notifications can be managed in browser preferences.,https://www.independent.co.uk/travel/adventure-travel-queensland-b2498728.html
Could Ayurveda’s ancient herb be the answer to your menopause symptoms?,,Meet Feel’s Ashwagandha supplement that can naturally aid you through hormonal changes ,https://www.independent.co.uk/life-style/could-ayurveda-s-ancient-herb-be-the-answer-to-your-menopause-symptoms-b2537166.html
Be fashionably square with Huawei’s Watch Fit 3,,Make a statement with Huawei’s range of new smart watches,https://www.independent.co.uk/life-style/be-fashionably-square-with-huawei-s-watch-fit-3-b2540761.html
"Spice up your life: enjoy relaxation, romance and adventure in Grenada",,"The Independent's journalism is supported by our readers. When you purchase through links on our site, we may earn commission. ",https://www.independent.co.uk/travel/spice-up-your-life-enjoy-relaxation-romance-and-adventure-in-grenada-b2533860.html
Extraordinary moment woman playing harp on high street is berated by passer-by who threatens to report her,Holly Evans,The angry woman threatens to get her arrested after wrong accusing the performer of begging ,https://www.independent.co.uk/news/uk/home-news/woman-harp-harrow-council-video-b2547128.html
Memphis to Maryville: Urban Adventures in Tennessee,,"From the honky-tonks of Nashville to the rock ‘n’ roll venues of Memphis, the former home of Elvis has long been known for its music credentials – but it’s not only about the big-hitters, with a whole host of lesser-known spots to explore in Tennessee too. We’ve rounded up the best urban adventures to be had across the state, from Nashville to Knoxville, Memphis to Maryville.",https://www.independent.co.uk/travel/north-america/usa/tennessee-memphis-maryville-nashville-knoxville-b2439138.html
"Megalopolis, Cannes review: Francis Ford Coppola’s $120m self-funded epic is no car crash",Geoffrey Macnab,"Adam Driver, Aubrey Plaza and a cross-dressing Shia LaBeouf are among the many stars giving quite mannered performances in this eagerly anticipated and deeply flawed sci-fi spectacle",https://www.independent.co.uk/arts-entertainment/films/reviews/megalopolis-review-cannes-b2546725.html
Three Spanish tourists shot dead by gunmen in central Afghanistan,Shahana Yasmin,Afghan interior ministry spokesperson says four people arrested in connection with attack ,https://www.independent.co.uk/asia/south-asia/spanish-tourist-shot-dead-afghanistan-b2547219.html
"As Russia’s forces edge ever closer, Kharkiv’s mayor has a defiant message for Putin",Tom Watling ," Mayor of Kharkiv Igor Terekhov tells The Independent that Russian forces are trying to ‘destroy’ his city, home to some 1.4 million civilians ",https://www.independent.co.uk/news/world/europe/ukraine-war-russia-kharkiv-mayor-frontline-b2545445.html
"Rupert Cornwell Award: £5,000 bursary for budding foreign correspondents",Independent Staff,Notifications can be managed in browser preferences.,https://www.independent.co.uk/news/media/rupert-cornwell-award-2024-bursary-b2534565.html
Food inflation might have fallen but will the cost of eating out ever go down?,Hannah Twiggs,"While a drop in food inflation might be welcome in the weekly supermarket shop, what does it mean for the cost of eating out? ",https://www.independent.co.uk/life-style/food-and-drink/features/food-inflation-restaurants-cost-brexit-b2544982.html
NHS approves ‘invaluable’ treatment for liver cancer which can help speed up recovery,Ben Mitchell,Campaigners welcome decision by National Institute for Health and Care Excellence,https://www.independent.co.uk/news/health/nhs-uk-liver-cancer-treatment-b2545948.html
iPhone 16: All the rumours you need to know,Alex Lee,Apple’s new flagship smartphone could boast bigger displays and be filled with AI smarts ,https://www.independent.co.uk/extras/indybest/gadgets-tech/phones-accessories/iphone-16-rumours-release-date-apple-b2544906.html
"Ultimate villa guide: Find your perfect home-from-home holiday in Spain, Greece, Portugal and Cyprus",Tamsin Wressell,"For the perfect private break, amid stunning surroundings where you can truly relax and unwind, we’ve rounded up some of the best villas for a sunny European retreat",https://www.independent.co.uk/travel/villa-holidays-europe-spain-greece-portugal-cyprus-b2472690.html
Giovanni Pernice: The Strictly star at the heart of a storm,Ellie Harrison,"The Sicilian dancer has described himself as a ‘perfectionist’, while reports emerged in March that former ‘Strictly Come Dancing’ contestants had met up to discuss their ‘difficult time’ working with him. Now, there is speculation that he has quit the series. ",https://www.independent.co.uk/arts-entertainment/tv/features/giovanni-pernice-quit-strictly-amanda-abbington-b2546673.html
Preventative Botox is on the rise – but it might do more harm than good,Katie Rosseinsky,"Social media has started to normalise wrinkle-smoothing injections in the young – whether they actually have wrinkles or not. But some experts warn that supposedly minor tweaks may be a slippery slope to long-term facial modification, writes ",https://www.independent.co.uk/life-style/baby-botox-preventative-twenties-thirties-wrinkles-fine-lines-b2546066.html
"Body of Israeli hostage kidnapped in October recovered from Gaza, says IDF",Alexander Butler,"Ron Benjamin, 53, was riding his bike in southern Israel when he was taken hostage during the 7 October attack",https://www.independent.co.uk/news/world/middle-east/israel-hostage-gaza-idf-ron-benjamin-b2547357.html
"Labour pledges 40,000 extra NHS appointments a week",Alexander Butler,The £1.1bn scheme would be funded by cracking down on tax dodgers and people with non-domiciled status,https://www.independent.co.uk/news/uk/politics/labour-waiting-lists-nhs-appointments-b2547345.html
I’ve told off other kids for swearing – but I’d give the ice cream girl a free pass,Will Gore,"Telling kids off for using bad language is all very well, says ",https://www.independent.co.uk/voices/ice-cream-twitter-x-child-swearing-b2547505.html
Trump claims ‘low IQ’ Biden only has to stay upright to be declared winner of debates in NRA speech: Live,Oliver O'Connell,Notifications can be managed in browser preferences.,https://www.independent.co.uk/news/world/americas/us-politics/trump-barron-graduation-plans-nra-speech-news-b2547567.html
Rare deep-sea squid ‘with headlights’ attacks camera 1km under water,,00:39,https://www.independent.co.uk/tv/news/deep-sea-squid-camera-attack-b2547224.html
"Thousands gather across UK to demand clean rivers, beaches and lakes",Athena Stavrou,Protesters call for an end to sewage discharges into all bathing and high-priority nature sites by 2030,https://www.independent.co.uk/news/uk/home-news/sewage-clean-water-surfers-protest-b2547333.html
What happens if you take Ozempic when you are not officially ‘overweight’?,Olivia Petter,"As new weight loss jabs become more available, ",https://www.independent.co.uk/health-and-wellbeing/ozempic-weight-loss-drug-b2546266.html
Wes Streeting defends Archbishop of Canterbury’s attack on two-child benefit cap – ‘literally his job’,Kate Devlin,The Archbishop slammed the cap as ‘cruel’ and called on Rishi Sunak and Sir Keir Starmer to commit to scrapping it ,https://www.independent.co.uk/news/uk/politics/two-child-benefit-justin-welby-b2547393.html
"British companies should ditch political activism, says Kemi Badenoch",Alexander Butler,"Up to 50 per cent of people thought businesses were too concerned with political activism, a survey found",https://www.independent.co.uk/news/uk/politics/woke-uk-businesses-kemi-badenoch-b2547315.html
"Netflix’s Ashley Madison doc has sleaze, scandal and infidelity – but no villain",Louis Chilton,"The streamer’s new series looks at the controversial affairs website, and the 2015 hack that saw millions of cheating spouses exposed. It tries to understand the parties involved, rather than condemn them, writes ",https://www.independent.co.uk/arts-entertainment/tv/features/netflix-ashley-madison-series-lies-scandal-b2546789.html
The Premier League has a title race problem – but Arsenal can fix it,Miguel Delaney,"Man City are expected to win the Premier League on Sunday, but Mikel Arteta’s Arsenal can inject some drama into the final day",https://www.independent.co.uk/sport/football/premier-league-title-race-arsenal-man-city-b2546509.html
Ant McPartlin speaks out on tattoo ‘snub’ after baby announcement,Nicole Vassell,Host cleared up confusion over a missing name on his family tree shoulder tattoo ,https://www.independent.co.uk/arts-entertainment/tv/news/ant-mcpartlin-tattoo-dog-hurley-b2547483.html
Israeli war cabinet member vows to quit if Netanyahu fails to make post-war plan for Gaza,Joseph Krauss,Netanyahu has come under mounting pressure from his own war cabinet over the future of the territory ,https://www.independent.co.uk/news/world/middle-east/benny-gantz-israel-war-cabinet-gaza-new-plan-b2547449.html
Harry to miss Duke of Westminster’s wedding while William attends as usher,Nicole Vassell,Harry will not partake in his long-time friend’s June nuptials ,https://www.independent.co.uk/life-style/royal-family/news/prince-harry-william-duke-westminster-wedding-b2547529.html
Northern Lights: Will you be able to see Aurora Borealis tonight in the UK?,Athena Stavrou,Meteorologists say the lights could be seen again in the UK sky ,https://www.independent.co.uk/news/uk/home-news/northern-lights-uk-visible-tonight-where-b2547486.html
Man City v West Ham LIVE: Premier League latest score and updates as Phil Foden scores stunner,Ben Fleming,Notifications can be managed in browser preferences.,https://www.independent.co.uk/sport/football/man-city-west-ham-live-stream-score-arsenal-b2546956.html
"F1 Imola GP 2024 LIVE: Race results, standings and updates as Max Verstappen holds off Lando Norris",Kieran Jackson,Notifications can be managed in browser preferences.,https://www.independent.co.uk/f1/f1-imola-grand-prix-race-live-stream-results-b2547495.html
New blow for Sunak as sitting cabinet minister says he will not stand at election,Kate Devlin,"Chris Heaton-Harris, who has a majority of 26,000, is the 65th Conservative to announce he is leaving parliament",https://www.independent.co.uk/news/uk/politics/chris-heaton-harris-northern-ireland-election-b2547447.html
Fran Lebowitz: ‘Trans rights is affecting no one except the people involved. So why do you care?’,Zoë Beaty,The New York author and newly crowned Gen Z icon talks to ,https://www.independent.co.uk/arts-entertainment/books/features/fran-lebowitz-trump-trans-rights-b2546685.html
Brexit row erupts over control of Gibraltar’s border,David Maddox,David Cameron is set for a showdown with MPs on Monday over treaty for Gibraltar amid criticism that promise to ‘take back control’ has failed ,https://www.independent.co.uk/news/uk/politics/brexit-gibraltar-lord-cameron-commons-b2546992.html
Wes Streeting pulls out prompt card as he forgets Keir Starmer’s key Labour pledge,,00:50,https://www.independent.co.uk/tv/news/labour-pledges-wes-streeting-bbc-laura-kuenssberg-b2547481.html
Diddy apologises for attacking ex-girlfriend Cassie in 2016 video: ‘I take full responsibility’,Oliver O'Connell,Music mogul ‘takes full responsibility’ for actions in footage of assault of Cassie,https://www.independent.co.uk/news/world/americas/crime/diddy-video-cassie-assault-apology-b2547601.html
Stephen Merchant says ‘people are allowed to criticise things’ amid cancel culture debate,Nicole Vassell,"Actor, writer and ‘The Office’ co-creator is the latest comedy figure to contribute to cancel culture discussion ",https://www.independent.co.uk/arts-entertainment/comedy/news/stephen-merchant-cancel-culture-ricky-gervais-b2547566.html
Max Verstappen holds off charging Lando Norris to take victory in Imola,Philip Duncan,The Red Bull driver claimed his fifth win in seven races this season but was forced to work hard for it as Norris showed brilliant pace late on ,https://www.independent.co.uk/f1/f1-max-verstappen-lando-norris-imola-leclerc-result-b2547582.html
Brexit-backing billionaire Jim Ratcliffe says leaving EU ‘didn’t turn out as anticipated’,Piers Mucklejohn,Ineos founder says 2016 vote for UK to leave bloc was ‘largely about immigration’ ,https://www.independent.co.uk/business/jim-ratcliffe-brexit-immigration-mistake-b2547596.html
Families beg for end to IPP scandal as Lords vote on indeterminate sentence reforms,Amy-Clare Martin,Cross-party peers take up cause of ‘inhumane’ sentences highlighted by ,https://www.independent.co.uk/news/uk/crime/ipp-sentence-scandal-lords-reform-vote-b2546944.html
Trust in Post Office plummets following outrage over Horizon scandal,Andy Gregory,"Post Office at risk of losing a third of its over-50 customer base, Savanta polling suggests",https://www.independent.co.uk/news/uk/home-news/post-office-horizon-public-trust-poll-b2546964.html
Jean-Philippe Mateta hat-trick ensures Crystal Palace end season on a high,Rachel Steinberg,Find your bookmarks in your,https://www.independent.co.uk/sport/football/crystal-palace-aston-villa-dean-henderson-premier-league-marc-guehi-b2547635.html
Bruno Guimaraes on target as Newcastle win at Brentford,Andy Sims,The Brazil midfielder has been linked with a move away this summer.,https://www.independent.co.uk/sport/football/bruno-guimaraes-newcastle-alexander-isak-brentford-brazil-b2547627.html
Man Utd warm-up for FA Cup final by ruining Roberto De Zerbi’s Brighton farewell,Ed Elliot, Second-half goals from Diogo Dalot and Rasmus Hojlund earned United a win on the south coast.,https://www.independent.co.uk/sport/football/brighton-roberto-de-zerbi-adam-lallana-rasmus-hojlund-diogo-dalot-b2547625.html
Jurgen Klopp bids emotional farewell to Liverpool with last-day win over Wolves,Carl Markham,Find your bookmarks in your,https://www.independent.co.uk/sport/football/jurgen-klopp-liverpool-alexis-mac-allister-wolves-mohamed-salah-b2547622.html
Arsenal fall just short of Premier League glory — and it’s clear what they need to finally beat Man City,Miguel Delaney,Kai Havertz produced a late winner but it was not enough as Manchester City beat West Ham to win a fourth Premier League title in a row ,https://www.independent.co.uk/sport/football/arsenal-everton-result-score-premier-league-table-b2547534.html
Pep Guardiola’s Manchester City cement their place as one of English football’s greatest teams,Richard Jolly,: Phil Foden’s early double set the champions on their way to a victory that clinched yet another league crown,https://www.independent.co.uk/sport/football/manchester-city-premier-league-title-result-score-b2547530.html
Royal news – live: Harry to miss Duke of Westminster’s wedding while William set to be usher,Shahana Yasmin,Notifications can be managed in browser preferences.,https://www.independent.co.uk/news/uk/home-news/harry-king-charles-meghan-markle-royal-family-news-b2546588.html
